,Zona,Finca,Peso,Diámetro Sutural,Diámetro Contrasutural
1,1.0,301,147,64,67
2,1.0,1502,87,57,53
3,1.0,301,139,65,64
4,1.0,301,159,69,67
5,1.0,1502,128,64,62
6,1.0,301,83,56,52
7,1.0,1502,94,57,55
8,1.0,102,129,63.7,62.1
9,1.0,1502,105,60,59
10,1.0,301,125,63,61
11,1.0,1502,113,60,58
12,1.0,102,144,66.8,64.4
13,1.0,1502,130,63,61
14,1.0,902,173,69.5,67.3
15,1.0,102,138,65.2,64.6
16,1.0,1502,119,62,60
17,1.0,301,125,61,62
18,1.0,102,129,64.8,62.3
19,1.0,1502,135,66,65
20,1.0,301,155,65,67
21,1.0,1502,74,53,51
22,1.0,1002,162,69.3,68.2
23,1.0,102,118,59.8,61.2
24,1.0,301,117,59,62
25,1.0,1502,93,57,55
26,1.0,301,109,60,57
27,1.0,1502,82,54,51
28,1.0,1502,116,58,56
29,1.0,1502,106,60,59
30,1.0,102,129,64.7,63.9
31,1.0,301,129,61,64
32,1.0,1502,100,56,56
33,1.0,301,106,58,60
34,1.0,102,133,64.3,64.7
35,1.0,1502,122,64,61
36,1.0,1502,84,53,54
37,1.0,1502,150,67,69
38,1.0,1502,142,65,66
39,1.0,1502,165,67,69
40,1.0,1502,98,58,56
41,1.0,102,160,68.1,66.1
42,1.0,301,157,62,69
43,1.0,102,77,54.6,49.3
44,1.0,902,197,69,76.9
45,1.0,301,94,57,58
46,1.0,102,165,67.7,68.6
47,1.0,102,94,57,55.1
48,1.0,102,127,62.7,60.8
49,1.0,102,140,65.2,64.2
50,1.0,1502,193,74,74
51,1.0,301,166,66,69
52,1.0,1502,142,65,67
53,1.0,301,125,63,63
54,1.0,102,130,64,62.1
55,1.0,301,122,61,60
56,1.0,1502,119,63,64
57,1.0,1002,188,73.1,70.9
58,1.0,1502,89,57,54
59,1.0,102,116,60,62.1
60,1.0,902,164,70.5,68.8
61,1.0,301,89,55,55
62,1.0,902,181,70.8,71.2
63,1.0,102,160,68.1,68.1
64,1.0,1002,174,69.3,70.9
65,1.0,301,90,56,54
66,1.0,902,198,72.1,72.7
67,1.0,301,91,58,54
68,1.0,1502,164,67,70
69,1.0,1502,126,63,65
70,1.0,1502,110,61,58
71,1.0,102,143,66.1,65.1
72,1.0,301,154,64,68
73,1.0,102,172,70,68.8
74,1.0,1502,91,55,55
75,1.0,1502,133,65,63
76,1.0,301,149,65,67
77,1.0,102,143,65.8,63.7
78,1.0,301,80,52,51
79,1.0,102,113,61.3,57.1
80,1.0,301,104,58,60
81,1.0,301,78,53,51
82,1.0,902,160,68.3,68.2
83,1.0,1502,169,69,72
84,1.0,301,150,65,66
85,1.0,102,168,68.1,69.4
86,1.0,1502,92,59,60
87,1.0,301,97,60,55
88,1.0,1002,141,68,63.2
89,1.0,1502,106,60,57
90,1.0,1002,200,73.1,75.9
91,1.0,1002,138,66.1,63.7
92,1.0,102,137,62.5,63.3
93,1.0,902,129,62.1,62.2
94,1.0,301,124,62,60
95,1.0,301,112,61,60
96,1.0,102,113,61.3,58.1
97,1.0,1502,202,74,77
98,1.0,1502,123,63,61
99,1.0,1502,96,56,57
100,1.0,102,126,63.4,61.9
101,1.0,1502,87,57,54
102,1.0,1502,138,64,62
103,1.0,1502,79,56,53
104,1.0,102,109,58.2,59.8
105,1.0,1502,161,69,71
106,1.0,301,159,67,68
107,1.0,1002,198,69.3,72.3
108,1.0,102,121,67.9,60.7
109,1.0,102,145,64,65.1
110,1.0,902,149,65.1,66.2
111,1.0,1502,109,58,55
112,1.0,1502,124,63,60
113,1.0,102,214,79.6,71.1
114,1.0,102,128,63.3,61.6
115,1.0,1502,81,53,52
116,1.0,301,117,62,60
117,1.0,102,144,64.8,63.1
118,1.0,1502,102,60,58
119,1.0,301,111,62,58
120,1.0,102,123,62.6,64.2
121,1.0,301,110,61,61
122,1.0,1502,88,57,54
123,1.0,102,155,65.5,67.7
124,1.0,1502,123,64,64
125,1.0,1502,105,58,57
126,1.0,1502,106,58,57
127,1.0,1502,170,69,71
128,1.0,1002,126,61.7,60.9
129,1.0,301,133,67,65
130,1.0,1502,99,58,54
131,1.0,301,128,60,64
132,1.0,1502,95,61,59
133,1.0,1502,148,64,64
134,1.0,1502,136,65,62
135,1.0,102,93,56.7,56.6
136,1.0,301,110,60,57
137,1.0,301,108,55,61
138,1.0,102,138,65.5,64.6
139,1.0,1502,110,61,58
140,1.0,301,142,63,66
141,1.0,1502,168,68,72
142,1.0,1502,166,68,70
143,1.0,301,129,63,62
144,1.0,902,151,67,66.2
145,1.0,1502,96,58,55
146,1.0,902,120,64.3,59.9
147,1.0,301,92,58,55
148,1.0,1502,156,66,67
149,1.0,1502,176,70,72
150,1.0,1502,121,61,60
151,1.0,902,168,69.3,70
152,1.0,1502,98,58,56
153,1.0,301,78,52,53
154,1.0,301,136,64,63
155,1.0,1502,106,58,58
156,1.0,1002,182,69.9,71.7
157,1.0,1502,101,58,58
158,1.0,1502,96,58,54
159,1.0,1502,146,69,70
160,1.0,902,191,71.1,73.1
161,1.0,301,86,55,55
162,1.0,1502,138,66,65
163,1.0,1502,96,57,55
164,1.0,1002,182,69.9,72.3
165,1.0,1502,129,64,58
166,1.0,1502,152,68,71
167,1.0,301,136,60,63
168,1.0,1002,180,70.1,70.4
169,1.0,902,182,69.8,71.5
170,1.0,1502,179,70,72
171,1.0,301,153,64,66
172,1.0,1502,105,60,59
173,1.0,1502,142,65,66
174,1.0,1502,107,61,58
175,1.0,1502,104,60,56
176,1.0,1502,137,64,65
177,1.0,301,142,63,63
178,1.0,1502,130,64,65
179,1.0,1502,91,57,59
180,1.0,1502,135,64,63
181,1.0,102,110,60.8,63.9
182,1.0,301,147,65,66
183,1.0,301,92,55,51
184,1.0,1502,157,68,71
185,1.0,1502,99,57,54
186,1.0,301,105,59,55
187,1.0,902,172,68.4,69.1
188,1.0,301,133,64,63
189,1.0,1502,102,61,58
190,1.0,301,102,57,56
191,1.0,1502,145,68,68
192,1.0,301,101,61,54
193,1.0,1502,131,65,59
194,1.0,1002,182,70.3,68.9
195,1.0,1502,71,52,50
196,1.0,301,126,62,62
197,1.0,1002,217,74.9,76.2
198,1.0,102,161,66.8,68.4
199,1.0,301,126,63,61
200,1.0,902,179,68.4,70.9
201,1.0,301,115,60,60
202,1.0,1502,123,64,64
203,1.0,301,175,68,71
204,1.0,102,111,63.1,60.5
205,1.0,1502,120,63,64
206,1.0,102,111,62,59.1
207,1.0,301,132,62,62
208,1.0,1502,112,60,61
209,1.0,301,118,57,63
210,1.0,301,114,57,59
211,1.0,902,146,65.1,64.4
212,1.0,102,129,63.3,62.1
213,1.0,301,127,60,60
214,1.0,1502,108,62,61
215,1.0,301,138,60,69
216,1.0,301,97,56,55
217,1.0,301,179,68,70
218,1.0,301,176,71,70
219,1.0,301,152,64,72
220,1.0,102,165,68.2,69.1
221,1.0,301,122,64,60
222,1.0,902,158,68.2,66.8
223,1.0,1502,136,63,63
224,1.0,301,121,58,61
225,1.0,301,119,56,60
226,1.0,301,101,57,58
227,1.0,102,129,62.5,62.7
228,1.0,1502,131,67,67
229,1.0,301,198,70,75
230,1.0,301,105,58,58
231,1.0,1502,124,61,59
232,1.0,301,125,61,60
233,1.0,1502,121,62,60
234,1.0,301,101,55,59
235,1.0,301,108,61,59
236,1.0,1002,126,63.2,60.9
237,1.0,301,149,65,65
238,1.0,1502,118,60,59
239,1.0,102,152,65.9,65.6
240,1.0,102,111,59.1,58.8
241,1.0,102,104,59.5,57.2
242,1.0,1502,180,70,73
243,1.0,301,156,65,69
244,1.0,301,139,63,65
245,1.0,301,134,61,65
246,1.0,1502,149,67,69
247,1.0,301,147,63,66
248,1.0,1502,111,59,57
249,1.0,1502,79,55,56
250,1.0,1502,88,56,53
251,1.0,301,135,61,63
252,1.0,1502,142,65,67
253,1.0,301,119,61,62
254,1.0,301,192,68,71
255,1.0,1002,112,63.7,61
256,1.0,301,132,62,64
257,1.0,301,99,59,57
258,1.0,1502,132,64,63
259,1.0,301,91,58,55
260,1.0,1502,105,57,54
261,1.0,301,81,53,52
262,1.0,1002,211,75.3,74.5
263,1.0,301,109,60,60
264,1.0,902,119,60.6,61.2
265,1.0,1502,109,62,56
266,1.0,102,130,63.5,62.1
267,1.0,301,114,61,63
268,1.0,301,142,67,65
269,1.0,102,159,66,66.1
270,1.0,301,79,54,55
271,1.0,102,125,61.2,60.4
272,1.0,301,142,65,68
273,1.0,301,104,59,59
274,1.0,301,100,58,60
275,1.0,1502,165,67,70
276,1.0,301,95,54,57
277,1.0,301,99,59,56
278,1.0,102,137,61.2,63.6
279,1.0,1502,133,65,61
280,1.0,301,101,56,61
281,1.0,902,210,73,75.1
282,1.0,301,115,61,58
283,1.0,1502,120,62,59
284,1.0,1002,190,72.1,73.6
285,1.0,301,160,64,70
286,1.0,301,79,48,63
287,1.0,1502,95,57,55
288,1.0,301,85,54,54
289,1.0,301,89,55,56
290,1.0,1502,108,62,59
291,1.0,301,161,60,70
292,1.0,902,149,65.4,66
293,1.0,902,204,72.2,72.2
294,1.0,1502,110,62,59
295,1.0,1502,117,60,56
296,1.0,1002,188,71.8,71.3
297,1.0,1002,255,74.9,86.1
298,1.0,1502,128,59,61
299,1.0,1502,97,58,54
300,1.0,1002,170,67.5,70.1
301,1.0,102,151,66.5,65.8
302,1.0,301,108,57,61
303,1.0,102,120,63.4,61.8
304,1.0,1502,115,60,58
305,1.0,1502,161,68,69
306,1.0,301,96,55,57
307,1.0,301,123,60,62
308,1.0,902,134,65,63.1
309,1.0,301,112,61,57
310,1.0,301,127,61,67
311,1.0,301,144,65,68
312,1.0,301,104,60,54
313,1.0,301,98,55,56
314,1.0,902,148,64.1,65.9
315,1.0,301,165,70,70
316,1.0,102,123,62.1,60.4
317,1.0,1502,96,59,57
318,1.0,301,128,59,68
319,1.0,102,107,60.4,58.3
320,1.0,1502,173,68,71
321,1.0,301,138,64,63
322,1.0,102,134,65.4,62.6
323,1.0,102,119,60.3,59.1
324,1.0,301,85,57,53
325,1.0,301,125,60,62
326,1.0,1502,111,59,58
327,1.0,1502,106,59,57
328,1.0,1502,188,70,73
329,1.0,301,105,56,58
330,1.0,102,170,59.1,58.2
331,1.0,102,153,75.5,67.3
332,1.0,1502,141,65,66
333,1.0,1502,71,54,53
334,1.0,301,138,63,64
335,1.0,301,103,56,60
336,1.0,1502,156,67,66
337,1.0,301,117,58,63
338,1.0,102,150,66.5,65.8
339,1.0,102,94,57.3,55.3
340,1.0,102,220,73.7,74.7
341,1.0,902,151,67.2,66.7
342,1.0,1002,160,68.2,69.9
343,1.0,102,136,64.5,62
344,1.0,301,96,57,56
345,1.0,1502,82,55,53
346,1.0,301,86,52,57
347,1.0,102,141,67.2,64.6
348,1.0,1002,192,71.6,72.4
349,1.0,301,156,63,69
350,1.0,1002,161,68.6,70.3
351,1.0,1502,104,60,58
352,1.0,1502,130,62,59
353,1.0,301,78,54,53
354,1.0,301,154,63,67
355,1.0,1502,94,60,57
356,1.0,1002,156,68.8,66.6
357,1.0,1502,106,60,58
358,1.0,1502,157,68,66
359,1.0,102,116,61.4,60.2
360,1.0,102,156,66.4,67.1
361,1.0,301,94,58,56
362,1.0,902,170,66.5,69.9
363,1.0,902,134,65.8,64.9
364,1.0,301,61,50,48
365,1.0,1502,138,61,61
366,1.0,301,96,56,59
367,1.0,1502,92,59,56
368,1.0,301,82,54,51
369,1.0,1002,192,70.8,72
370,1.0,902,144,62.3,65
371,1.0,301,92,55,57
372,1.0,301,114,60,54
373,1.0,301,139,63,65
374,1.0,1002,189,72,71.6
375,1.0,102,159,66.7,67.8
376,1.0,902,181,69.5,69.2
377,1.0,301,101,59,55
378,1.0,1502,87,54,53
379,1.0,301,87,57,54
380,1.0,301,99,57,59
381,1.0,1502,115,62,60
382,1.0,1502,109,60,59
383,1.0,1002,161,69.4,67.8
384,1.0,301,169,65,70
385,1.0,301,105,56,56
386,1.0,1002,94,58,57.1
387,1.0,301,128,63,61
388,1.0,102,117,61.5,61.1
389,1.0,1502,107,60,58
390,1.0,301,117,56,59
391,1.0,902,194,71.3,72
392,1.0,1502,166,71,73
393,1.0,301,96,58,56
394,1.0,1502,85,56,48
395,1.0,301,107,58,58
396,1.0,1002,203,75.5,75.3
397,1.0,1002,164,68.3,68.6
398,1.0,1502,148,70,71
399,1.0,1502,114,62,60
400,1.0,102,145,63.7,63.6
401,1.0,1502,197,77,78
402,1.0,1502,99,56,56
403,1.0,301,76,54,51
404,1.0,1502,119,61,79
405,1.0,102,138,63.7,63.4
406,1.0,301,113,58,61
407,1.0,902,153,66.1,65.9
408,1.0,301,122,63,64
409,1.0,1002,144,65.7,65
410,1.0,102,136,62.8,64.3
411,1.0,301,142,65,67
412,1.0,1002,177,70.1,68.3
413,1.0,102,131,65.5,60.2
414,1.0,301,154,63,68
415,1.0,1002,130,62.8,63.7
416,1.0,1002,232,72.2,72.8
417,1.0,902,163,67.9,66.9
418,1.0,102,117,62,60.7
419,1.0,301,199,70,79
420,1.0,1002,183,71.3,73.7
421,1.0,1002,153,66,63.9
422,1.0,301,89,55,54
423,1.0,1002,148,65.6,67
424,1.0,1002,163,70,62.1
425,1.0,1502,96,59,55
426,1.0,902,167,66.9,69.8
427,1.0,1502,106,61,57
428,1.0,1002,133,63.6,62.3
429,1.0,102,153,65.2,67
430,1.0,102,132,63.2,64.4
431,1.0,1502,139,65,63
432,1.0,902,172,71,69.7
433,1.0,1502,99,59,59
434,1.0,1002,199,72.9,74.8
435,1.0,301,88,56,55
436,1.0,1502,109,60,62
437,1.0,1502,91,58,56
438,1.0,102,170,66.5,68.9
439,1.0,301,100,56,57
440,1.0,1502,141,66,64
441,1.0,301,150,65,67
442,1.0,1502,102,56,54
443,1.0,301,74,51,55
444,1.0,102,145,66.4,65.2
445,1.0,102,126,62.1,63.7
446,1.0,1002,185,71.8,74
447,1.0,301,121,60,60
448,1.0,902,167,67.1,69.4
449,1.0,102,112,60.6,59.7
450,1.0,301,127,60,62
451,1.0,1502,103,60,59
452,1.0,1502,126,61,62
453,1.0,902,156,67.5,66.2
454,1.0,902,197,69.1,76.9
455,1.0,902,164,66.7,67.5
456,1.0,1502,105,59,55
457,1.0,1502,90,57,57
458,1.0,301,130,60,64
459,1.0,902,173,70,70.4
460,1.0,301,42,42,42
461,1.0,902,173,69.3,71.1
462,1.0,1502,122,63,60
463,1.0,301,113,58,58
464,1.0,1502,146,67,70
465,1.0,301,149,63,67
466,1.0,102,112,60.7,58.1
467,1.0,301,132,65,65
468,1.0,902,147,63.9,66.6
469,1.0,301,105,58,58
470,1.0,902,111,60.4,57.3
471,1.0,301,103,58,56
472,1.0,1502,90,54,54
473,1.0,1502,108,61,56
474,1.0,301,113,58,62
475,1.0,1502,101,58,57
476,1.0,301,94,58,53
477,1.0,1502,193,72,75
478,1.0,301,109,60,56
479,1.0,301,115,63,60
480,1.0,902,143,64.7,61
481,1.0,1502,139,65,69
482,1.0,902,144,64.6,66.4
483,1.0,301,147,65,67
484,1.0,301,85,54,54
485,1.0,902,134,65.8,63.7
486,1.0,1502,127,62,62
487,1.0,301,190,68,75
488,1.0,102,118,60.6,60.7
489,1.0,301,121,62,60
490,1.0,102,128,64.2,62.8
491,1.0,301,94,57,55
492,1.0,102,101,58.5,56.1
493,1.0,301,95,56,56
494,1.0,1002,212,74.4,77
495,1.0,1502,100,58,49
496,1.0,102,128,62.9,63.2
497,1.0,1002,192,71,71.3
498,1.0,301,95,56,55
499,1.0,1502,112,62,59
500,1.0,1502,138,63,65
501,1.0,301,109,58,62
502,1.0,1502,120,62,59
503,1.0,902,159,66.1,67.7
504,1.0,1002,145,64,63.9
505,1.0,102,139,65.5,64.2
506,1.0,301,92,58,55
507,1.0,1502,194,74,71
508,1.0,301,109,58,59
509,1.0,102,135,64.7,63.8
510,1.0,102,170,68,69.7
511,1.0,102,136,64,62.1
512,1.0,1502,119,63,61
513,1.0,102,148,65.4,64.3
514,1.0,1502,122,62,61
515,1.0,1502,128,62,62
516,1.0,301,93,55,57
517,1.0,1502,101,58,60
518,1.0,1502,128,63,61
519,1.0,102,175,69.2,69.1
520,1.0,902,169,69.8,69.2
521,1.0,1502,103,62,60
522,1.0,902,136,64.3,62.7
523,1.0,1502,128,64,66
524,1.0,1002,193,72.3,73.4
525,1.0,301,127,58,63
526,1.0,102,98,59.1,55.5
527,1.0,1502,117,62,58
528,1.0,301,158,68,69
529,1.0,301,140,63,66
530,1.0,301,117,59,61
531,1.0,102,113,60.4,60.1
532,1.0,102,139,65.7,62.9
533,1.0,1502,136,64,64
534,1.0,1502,120,60,57
535,1.0,1502,145,65,64
536,1.0,1502,129,62,62
537,1.0,301,92,55,53
538,1.0,102,100,58.1,58.4
539,1.0,102,226,74.1,75.9
540,1.0,1002,173,69.3,72.1
541,1.0,301,92,54,57
542,1.0,301,91,67,63
543,1.0,102,142,65.2,63.9
544,1.0,1502,134,64,66
545,1.0,1502,140,64,67
546,1.0,301,92,57,55
547,1.0,1502,116,62,65
548,1.0,1502,140,66,66
549,1.0,1002,178,71.8,70.1
550,1.0,1502,136,64,65
551,1.0,301,137,65,61
552,1.0,1002,188,71.6,72.1
553,1.0,301,184,68,71
554,1.0,902,184,69.7,71.8
555,1.0,301,106,59,56
556,1.0,301,140,64,67
557,1.0,102,116,61,59.1
558,1.0,102,112,59.7,60.3
559,1.0,102,135,64.1,63
560,1.0,102,112,58,61.1
561,1.0,102,108,60.3,69.1
562,1.0,102,129,63.7,63.6
563,1.0,1502,87,54,53
564,1.0,1502,125,63,63
565,1.0,102,148,65.4,66.1
566,1.0,1502,153,68,69
567,1.0,1502,119,62,58
568,1.0,1502,102,59,55
569,1.0,301,158,65,69
570,1.0,1502,91,56,54
571,1.0,102,144,66.8,65.4
572,1.0,301,101,59,51
573,1.0,1502,150,66,68
574,1.0,1502,180,71,73
575,1.0,1502,122,60,59
576,1.0,301,123,61,62
577,1.0,301,121,62,59
578,1.0,1502,135,65,63
579,1.0,102,96,57.4,56.6
580,1.0,102,136,61.4,63.7
581,1.0,1502,125,66,63
582,1.0,301,176,67,72
583,1.0,301,95,56,57
584,1.0,902,158,68.1,67.2
585,1.0,102,110,60.5,59.4
586,1.0,102,107,58.4,57.5
587,1.0,1002,147,63.1,65
588,1.0,301,94,57,57
589,1.0,301,130,63,64
590,1.0,1502,151,67,66
591,1.0,1502,127,61,63
592,1.0,102,98,56.1,56.2
593,1.0,301,144,64,65
594,1.0,301,98,57,57
595,1.0,1502,100,58,58
596,1.0,301,118,60,59
597,1.0,1502,191,72,74
598,1.0,301,134,62,61
599,1.0,1502,124,63,61
600,1.0,301,122,60,63
601,1.0,301,146,65,66
602,1.0,902,146,64.2,66
603,1.0,1502,111,61,61
604,1.0,1502,127,63,65
605,1.0,1502,77,54,50
606,1.0,1002,218,72.4,76.7
607,3.0,601,118,60.3,58.1
608,2.0,40801,20,54,54
609,3.0,303,160,64.7,64.5
610,3.0,501,202,67.7,74.4
611,3.0,101,122,62.5,60.3
612,2.0,40901,200,72,76
613,3.0,303,134,77,77.7
614,3.0,1032,150,66,70
615,3.0,1401,240,71,68
616,2.0,40901,150,67,68
617,2.0,40801,100,58,58
618,3.0,1701,85,55.8,55.7
619,2.0,40801,20,49,45
620,3.0,1301,220,63,70
621,3.0,801,105,57,60
622,3.0,1301,160,68,63
623,3.0,701,128,59.9,61.4
624,3.0,101,82,54.7,53.6
625,2.0,40801,30,49,49
626,3.0,1901,85,54,54.7
627,2.0,40801,30,54,54
628,3.0,901,135,62,66
629,3.0,1601,125,64.5,62.5
630,3.0,801,115,59,63
631,3.0,1601,130,64,64
632,3.0,201,152,66.5,68.7
633,3.0,901,120,60,64
634,3.0,1502,160,60,65
635,2.0,40901,180,70,73
636,3.0,1101,160,67.9,67.3
637,3.0,501,159,63.3,68.3
638,2.0,40801,100,54,54
639,3.0,601,85,52.2,52.2
640,2.0,40801,30,51,49
641,3.0,1201,150,66.4,69
642,3.0,1032,150,62,70
643,2.0,40801,20,52,49
644,2.0,40801,100,60,59
645,2.0,40901,95,55,58
646,3.0,1032,155,63,68
647,3.0,101,114,61.4,56.9
648,2.0,40801,30,52,50
649,2.0,40901,80,54,53
650,2.0,40801,20,49,50
651,3.0,101,112,59.9,59.2
652,3.0,303,184,69,70
653,3.0,1801,135,65.4,64.4
654,3.0,701,136,63.6,62.2
655,3.0,1301,150,55,58
656,3.0,1601,125,62,63
657,3.0,701,112,59.4,57.7
658,2.0,40801,100,55,56
659,2.0,40901,145,65,68
660,2.0,40801,100,63,63
661,3.0,1801,150,65.4,63.2
662,2.0,40801,100,57,57
663,3.0,1101,200,71.1,73.8
664,3.0,303,184,72.5,68.6
665,3.0,101,97,55.5,56.6
666,3.0,1801,150,65,69.4
667,3.0,1201,150,64.4,67.4
668,3.0,1701,55,50.8,45.8
669,3.0,1201,220,76.2,76.5
670,2.0,40901,215,70,76
671,3.0,1502,150,55,58
672,3.0,1701,60,50,46
673,2.0,40901,125,61,63
674,3.0,1502,150,59,62
675,3.0,303,175,67.6,71.1
676,3.0,1801,125,60.8,61.5
677,2.0,40801,20,47,46
678,3.0,1401,200,65,66
679,2.0,40801,30,53,52
680,2.0,40901,170,67,70
681,3.0,1401,150,59,62
682,3.0,201,149,64.7,66.1
683,3.0,1601,150,65,69.4
684,3.0,1032,110,60,61
685,3.0,1401,150,55,59
686,3.0,401,125,60.3,60.1
687,2.0,40901,145,67,68
688,2.0,40901,200,70,73
689,3.0,1032,145,64,65
690,3.0,1502,150,57,58
691,3.0,1801,85,56,54.4
692,2.0,40901,135,61,63
693,3.0,401,178,69.8,68.1
694,3.0,1401,150,69,63
695,3.0,1901,90,54.6,57
696,3.0,801,110,61,62
697,2.0,40801,30,52,50
698,3.0,401,183,70.1,71.1
699,2.0,40801,20,50,50
700,2.0,40801,30,52,51
701,3.0,201,143,64.2,66.6
702,3.0,1101,180,67.5,71.1
703,3.0,1801,195,68.7,75.3
704,3.0,1901,85,54.5,56
705,3.0,1101,165,66.8,67.3
706,2.0,40801,30,55,54
707,2.0,40901,130,63,64
708,3.0,1901,100,56.7,57.8
709,3.0,1301,150,69,63
710,3.0,101,84,53.8,53.1
711,3.0,1401,150,57,58
712,3.0,1601,90,55.8,55
713,2.0,40801,20,51,51
714,3.0,1401,150,55,58
715,3.0,1101,225,76.3,76.6
716,2.0,40801,30,52,51
717,3.0,901,100,58,59
718,2.0,40901,155,66,69
719,3.0,303,222,74.9,76.1
720,3.0,1502,170,70,64
721,3.0,1801,145,60,69.4
722,3.0,501,215,72.2,74.4
723,3.0,401,171,70.3,68.1
724,2.0,40801,110,59,57
725,2.0,40801,100,57,59
726,3.0,701,148,62.7,63.6
727,2.0,40801,30,52,52
728,3.0,1032,130,64,65
729,2.0,40901,145,68,68
730,3.0,1032,140,61,68
731,2.0,40801,30,54,54
732,3.0,1201,180,70,76.4
733,3.0,1401,160,65,62
734,3.0,1701,110,59,60.5
735,3.0,1601,195,68.7,75.3
736,3.0,501,201,67.2,71.9
737,3.0,1301,160,58,62
738,3.0,1401,200,62,64
739,2.0,40901,150,65,68
740,3.0,1801,140,66,69.3
741,2.0,40901,135,60,64
742,2.0,40801,30,51,50
743,2.0,40901,125,60,64
744,2.0,40801,20,51,49
745,3.0,1301,150,63,60
746,2.0,40801,30,55,57
747,2.0,40901,170,68,76
748,2.0,40801,100,54,52
749,3.0,1502,160,61,62
750,3.0,701,135,61.4,62.2
751,3.0,901,115,62,66
752,2.0,40801,110,61,61
753,3.0,601,110,57.7,57.7
754,2.0,40901,150,66,68
755,2.0,40901,190,69,75
756,2.0,40901,190,71,74
757,3.0,1101,140,65.5,65.3
758,3.0,201,197,69.7,73.8
759,2.0,40901,230,75,78
760,2.0,40901,185,68,74
761,3.0,501,156,64.7,67.2
762,2.0,40801,30,52,53
763,2.0,40901,195,72,73
764,3.0,401,149,63.1,66.5
765,2.0,40901,170,67,71
766,3.0,1502,170,63,69
767,3.0,601,75,50.4,50.3
768,2.0,40901,185,71,74
769,3.0,901,140,67,66
770,2.0,40901,150,64,70
771,2.0,40801,20,55,54
772,2.0,40801,30,54,53
773,3.0,501,131,59.4,63.3
774,3.0,1401,220,63,70
775,3.0,1201,130,66.5,62
776,2.0,40801,100,56,57
777,3.0,401,214,69.2,75.2
778,2.0,40901,165,68,70
779,2.0,40901,120,57,63
780,2.0,40801,100,56,55
781,2.0,40901,200,68,75
782,2.0,40801,100,55,56
783,2.0,40901,190,70,75
784,2.0,40901,125,61,64
785,2.0,40801,30,54,53
786,2.0,40901,190,70,74
787,3.0,1601,125,62.3,64.4
788,3.0,601,103,54.4,58.1
789,3.0,1032,150,65,64
790,2.0,40801,30,54,55
791,2.0,40901,160,67,68
792,3.0,101,108,59.9,59.9
793,2.0,40901,185,68,74
794,3.0,1502,180,58,62
795,3.0,1101,155,66.6,68.5
796,3.0,601,111,57.7,58.1
797,3.0,1201,160,69,67.2
798,3.0,101,103,56.1,58.8
799,3.0,701,146,63.3,64.2
800,2.0,40901,135,63,64
801,3.0,901,130,61,62
802,3.0,1701,95,59.4,56.4
803,2.0,40801,30,54,53
804,3.0,1032,120,64,62
805,2.0,40801,20,39,48
806,3.0,201,148,65.9,66.6
807,2.0,40901,160,65,69
808,3.0,303,199,70.8,75.5
809,2.0,40901,170,68,70
810,3.0,1032,110,61,64
811,3.0,1032,110,64,63
812,3.0,303,201,71.4,73.6
813,3.0,1801,65,48,49
814,3.0,1201,160,67.8,69.7
815,3.0,1301,200,62,64
816,2.0,40901,100,57,59
817,2.0,40901,165,70,70
818,3.0,1301,190,70,63
819,2.0,40901,135,64,68
820,3.0,303,168,67.5,68.1
821,3.0,1901,95,57,58
822,3.0,801,115,61,63
823,3.0,801,120,62,66
824,2.0,40801,30,54,55
825,3.0,701,148,65.5,64.2
826,3.0,601,80,51.1,50.3
827,3.0,801,110,61,64
828,2.0,40901,165,68,70
829,3.0,1701,55,47.8,47
830,3.0,101,81,52.2,51.1
831,2.0,40901,120,59,62
832,2.0,40801,100,60,62
833,2.0,40901,120,59,62
834,2.0,40801,30,52,53
835,2.0,40801,20,50,50
836,2.0,40901,175,69,71
837,3.0,101,122,61.6,60.5
838,2.0,40801,30,56,56
839,2.0,40901,145,62,70
840,3.0,201,213,72.5,75.8
841,3.0,201,136,62.2,62.5
842,2.0,40901,135,63,65
843,2.0,40901,145,68,72
844,2.0,40901,180,69,72
845,2.0,40801,30,53,52
846,2.0,40901,170,66,72
847,3.0,1032,130,59,61
848,3.0,501,146,64.2,65.3
849,3.0,101,129,63.6,61.6
850,2.0,40901,220,75,76
851,3.0,701,142,63.1,62.3
852,3.0,901,130,62,64
853,2.0,40901,160,67,69
854,3.0,1701,70,51.7,50.1
855,3.0,801,115,62,60
856,2.0,40801,20,52,51
857,3.0,901,120,61,65
858,3.0,101,104,59.4,58.1
859,2.0,40901,125,60,63
860,3.0,1101,110,60.8,64.3
861,3.0,1701,60,49,47.4
862,2.0,40901,180,69,70
863,3.0,501,173,64.4,68.8
864,2.0,40901,110,60,63
865,3.0,1502,160,58,56
866,3.0,1401,150,63,60
867,2.0,40901,180,68,71
868,2.0,40901,185,68,73
869,3.0,601,81,52.2,50.3
870,3.0,1701,70,53,55
871,3.0,1301,200,65,66
872,2.0,40901,95,56,57
873,2.0,40901,205,72,74
874,3.0,101,121,59.9,59.9
875,2.0,40801,30,56,54
876,3.0,201,141,63.8,64.4
877,3.0,1401,160,62,62
878,2.0,40801,30,55,54
879,3.0,501,218,73.6,73.1
880,2.0,40801,100,58,58
881,3.0,601,101,57.4,58.1
882,3.0,701,126,59.9,60.8
883,2.0,40901,155,64,68
884,2.0,40901,150,66,68
885,2.0,40801,30,49,47
886,3.0,1801,120,59.5,62
887,3.0,303,187,68.8,72.2
888,3.0,601,109,56.4,58.1
889,3.0,1601,135,66,64.6
890,3.0,1901,130,64,64
891,2.0,40801,20,50,50
892,3.0,901,100,62,60
893,3.0,1301,200,65,66
894,3.0,1901,85,55.5,54
895,3.0,1201,165,69.5,68.6
896,3.0,901,110,59,62
897,3.0,1901,75,52,51
898,2.0,40901,190,70,75
899,2.0,40801,30,51,52
900,3.0,901,110,60,59
901,3.0,1502,235,70,67
902,3.0,303,168,71.1,68.3
903,2.0,40801,30,55,55
904,3.0,1032,130,66,62
905,2.0,40801,30,50,54
906,3.0,201,135,64.2,63.6
907,2.0,40801,30,51,51
908,2.0,40901,170,68,74
909,2.0,40901,205,73,73
910,3.0,1901,100,56,57
911,3.0,401,150,64.2,65.5
912,3.0,1201,165,69.7,69.9
913,3.0,1801,65,52.5,50
914,3.0,1901,105,55.6,58
915,2.0,40801,30,53,51
916,3.0,1032,155,65,67
917,3.0,1901,95,57.6,53.4
918,3.0,901,145,62,68
919,3.0,701,169,66.4,65.5
920,3.0,401,129,63.1,61.6
921,3.0,1601,220,76.2,80
922,2.0,40801,10,46,44
923,2.0,40901,180,66,75
924,3.0,1801,160,67,71
925,3.0,701,168,67.2,66.6
926,2.0,40901,135,65,69
927,2.0,40801,30,54,55
928,2.0,40801,100,61,60
929,3.0,801,110,58,61
930,3.0,701,143,62.2,62.2
931,3.0,901,100,61,51
932,3.0,101,118,59.9,60.3
933,3.0,401,169,68.3,69.5
934,3.0,1201,175,65.6,71.4
935,2.0,40801,20,47,46
936,3.0,1401,150,69,63
937,3.0,101,127,60.5,63
938,3.0,1901,105,59,59
939,3.0,1201,125,64.2,63.3
940,2.0,40901,140,64,67
941,3.0,701,110,57.3,58
942,3.0,101,104,58.8,55.9
943,3.0,101,68,50.5,50.5
944,3.0,101,111,58.1,59
945,3.0,801,135,64,68
946,2.0,40801,20,47,46
947,2.0,40801,30,51,51
948,3.0,1801,115,62.4,61
949,2.0,40801,100,59,56
950,3.0,201,147,65.9,65.5
951,3.0,201,189,69.9,72.5
952,3.0,701,132,62.5,61.5
953,3.0,1032,120,62,60
954,3.0,1201,155,66.3,72.5
955,3.0,501,171,65.3,69.2
956,3.0,303,198,69.2,75.6
957,3.0,1032,140,67,65
958,2.0,40901,185,69,72
959,3.0,1601,115,60.7,62
960,2.0,40901,145,60,68
961,3.0,201,153,67.2,67.6
962,2.0,40801,20,52,52
963,2.0,40801,100,56,60
964,2.0,40901,190,70,75
965,2.0,40801,100,59,59
966,3.0,303,217,74.2,77.2
967,3.0,701,140,63.8,62.7
968,3.0,201,154,64.2,65.5
969,3.0,401,147,64.2,64.2
970,3.0,1101,170,68.1,69.4
971,3.0,1101,145,66.3,66.4
972,3.0,1101,175,69.2,70.3
973,3.0,1101,175,71.3,72.7
974,2.0,40801,20,49,49
975,3.0,303,179,65.8,70.5
976,3.0,901,130,61,64
977,3.0,1201,185,71.3,71.7
978,3.0,303,195,73.6,72.7
979,3.0,303,182,70.3,68.1
980,3.0,1701,60,51,47.7
981,2.0,40901,150,64,69
982,3.0,1101,175,70.7,71.1
983,3.0,1601,150,65.4,63.2
984,3.0,1101,205,73,72.8
985,2.0,40801,30,57,58
986,2.0,40801,10,37,44
987,2.0,40801,100,60,59
988,3.0,401,151,63.2,67.2
989,2.0,40801,110,62,62
990,3.0,801,120,64,63
991,3.0,1101,125,63.4,63.4
992,3.0,1801,150,65.4,66.6
993,3.0,1801,120,61,63.4
994,2.0,40801,100,53,52
995,3.0,801,100,57,55
996,3.0,1701,75,50.9,50.9
997,3.0,601,93,53.6,53.1
998,2.0,40801,110,65,65
999,3.0,1701,90,55.8,55
1000,3.0,1101,180,69.1,71.4
1001,3.0,1601,85,55.8,55.7
1002,2.0,40801,30,51,51
1003,2.0,40901,235,74,80
1004,3.0,801,115,58,61
1005,3.0,1301,150,63,60
1006,2.0,40801,30,52,50
1007,2.0,40901,115,60,63
1008,3.0,401,115,61.4,59.3
1009,2.0,40801,30,53,52
1010,3.0,1701,80,50.3,50.3
1011,2.0,40801,30,54,55
1012,2.0,40801,100,59,58
1013,3.0,1201,150,66.4,69.5
1014,3.0,1401,160,62,69
1015,2.0,40801,100,55,55
1016,3.0,1101,170,69.3,69.1
1017,3.0,1201,130,62.5,64.3
1018,3.0,1201,165,68.8,68.8
1019,3.0,1901,80,47,47
1020,3.0,1701,55,48,46
1021,3.0,1301,160,64,65
1022,2.0,40901,155,66,70
1023,2.0,40901,200,70,74
1024,3.0,1701,60,50,47.4
1025,3.0,501,168,63.6,69.4
1026,2.0,40901,155,66,71
1027,2.0,40801,30,53,50
1028,3.0,601,110,57.2,55.3
1029,3.0,1301,150,55,59
1030,3.0,1301,240,70,69
1031,3.0,101,114,60.5,59.9
1032,3.0,1901,85,54.8,54.8
1033,2.0,40901,220,73,77
1034,3.0,1401,160,68,63
1035,3.0,1301,150,57,58
1036,3.0,1401,160,58,62
1037,3.0,401,146,65.5,65.9
1038,3.0,701,126,63.6,61.1
1039,2.0,40901,160,67,70
1040,3.0,1601,100,56,58.9
1041,2.0,40901,170,68,71
1042,3.0,1201,150,66.9,66.8
1043,3.0,1502,200,62,64
1044,3.0,1201,175,68.2,71
1045,2.0,40801,20,49,48
1046,2.0,40801,30,56,54
1047,3.0,1301,160,62,62
1048,3.0,1201,170,70.5,70.2
1049,2.0,40901,160,65,69
1050,2.0,40801,100,57,55
1051,3.0,201,149,64.4,64.9
1052,3.0,901,130,60,63
1053,2.0,40901,165,68,70
1054,2.0,40901,120,62,62
1055,3.0,1301,240,71,68
1056,3.0,1032,140,64,67
1057,3.0,501,141,62.7,62.5
1058,3.0,1502,200,66,65
1059,3.0,1101,225,72.2,76.7
1060,3.0,1502,210,65,66
1061,2.0,40901,170,68,70
1062,3.0,1401,200,64,66
1063,3.0,801,135,63,66
1064,3.0,801,110,58,60
1065,3.0,1401,150,63,60
1066,3.0,801,100,59,59
1067,2.0,40801,30,51,52
1068,3.0,801,120,61,65
1069,2.0,40901,145,67,69
1070,3.0,303,123,61.9,61.6
1071,3.0,1502,155,64,60
1072,3.0,1401,190,70,63
1073,3.0,701,131,60.8,63.3
1074,3.0,1901,90,56,55.6
1075,2.0,40801,30,55,53
1076,3.0,201,150,64.9,66.2
1077,3.0,1502,155,53,60
1078,3.0,401,167,66.4,64.7
1079,3.0,401,130,64.2,58.1
1080,3.0,1401,160,64,65
1081,3.0,1502,148,59,65
1082,3.0,401,160,67.3,66.1
1083,3.0,601,75,51.1,52.6
1084,3.0,1701,125,62,69.5
1085,2.0,40801,30,50,46
1086,3.0,901,90,58,57
1087,3.0,1301,150,59,62
1088,3.0,601,93,54.2,54.2
1089,3.0,601,116,60.9,58.2
1090,3.0,901,130,63,64
1091,3.0,1032,135,64,62
1092,3.0,1502,150,61,61
1093,2.0,40901,145,63,68
1094,3.0,401,134,60.5,63.1
1095,3.0,501,161,65.5,66.4
1096,3.0,701,214,73.6,73.1
1097,2.0,40801,30,54,54
1098,3.0,1601,125,62,69.5
1099,3.0,601,76,53.1,51.6
1100,2.0,40901,110,60,60
1101,3.0,701,162,65.5,66.4
1102,3.0,901,110,60,62
1103,3.0,601,74,50.3,50.3
1104,3.0,1901,55,45.6,47.7
1105,3.0,1801,50,45.3,42.8
1106,2.0,40901,190,72,74
1107,3.0,1801,125,62.7,62.3
1108,3.0,701,136,67.2,63.8
1109,3.0,501,169,66.1,68.8
1110,3.0,1032,110,59,60
1111,3.0,601,100,55.3,57.2
1112,3.0,801,130,63,64
1113,2.0,40801,30,54,52
1114,2.0,40801,30,50,51
1115,3.0,1601,115,62.4,61
1116,2.0,40901,115,59,60
1117,3.0,501,143,63.8,63.6
1118,3.0,1301,150,69,63
1119,3.0,501,162,65.8,66.6
1120,3.0,1502,165,60,58
1121,3.0,303,188,68.6,71.9
1122,3.0,201,191,70.9,72.5
1123,3.0,501,146,63.6,65.3
1124,3.0,1601,95,57,58
1125,3.0,501,185,67.7,70.5
1126,2.0,40901,220,70,77
1127,2.0,40801,30,55,53
1128,3.0,1101,165,66.4,69.1
1129,3.0,401,161,69.4,67.2
1130,2.0,40801,100,55,54
1131,2.0,40901,155,67,68
1132,3.0,1901,135,66,64.6
1133,3.0,1502,190,70,63
1134,3.0,901,120,60,63
1135,3.0,1032,120,63,64
1136,2.0,40901,190,70,74
1137,3.0,303,165,64.4,68.8
1138,3.0,1601,150,65.4,66.6
1139,3.0,1301,160,62,69
1140,2.0,40901,165,70,70
1141,3.0,401,183,69.2,70.3
1142,2.0,40801,30,50,51
1143,2.0,40901,175,68,70
1144,2.0,40901,200,72,75
1145,3.0,303,157,66.9,68.1
1146,3.0,1601,110,59,60.5
1147,3.0,1601,125,60,64.5
1148,3.0,1601,125,61.5,63.3
1149,3.0,201,164,69.9,68.3
1150,2.0,40801,30,49,49
1151,3.0,1901,90,54.4,54.7
1152,2.0,40901,140,66,66
1153,2.0,40901,160,68,70
1154,2.0,40901,195,70,72
1155,3.0,401,122,60.5,62.2
1156,2.0,40901,135,65,65
1157,3.0,1101,240,76.6,77.9
1158,3.0,801,120,61,63
1159,2.0,40801,20,50,48
1160,2.0,40801,100,61,59
1161,3.0,1901,105,58,58
1162,3.0,1201,170,70.7,70.9
1163,3.0,1701,50,54,56.7
1164,3.0,201,167,69.2,69.2
1165,3.0,801,135,65,65
1166,2.0,40801,30,52,52
1167,3.0,1901,100,56,58.9
1168,2.0,40901,160,66,68
1169,2.0,40801,30,53,55
1170,3.0,201,160,65.8,66.4
1171,3.0,901,115,58,61
1172,3.0,601,112,58.3,57.5
1173,3.0,801,135,65,70
1174,3.0,501,173,70.3,70.3
1175,3.0,1701,50,47.7,46.4
1176,3.0,1801,145,63.8,67
1177,3.0,1701,55,48,49
1178,3.0,1502,153,57,59
1179,3.0,501,181,66.4,70.3
1180,3.0,1701,110,59,59.5
1181,3.0,601,119,60.3,58.1
1182,3.0,201,129,63.1,62.4
1183,3.0,1801,125,64.5,62.5
1184,3.0,1801,220,76,80
1185,2.0,40801,100,58,57
1186,3.0,101,105,57.5,57.7
